{
  "description": "Batch payment summary",
  "properties": {
    "submittedDate": {
      "description": "Batch submitted date",
      "type": "string",
      "format": "date-time"
    },
    "processingDate": {
      "description": "Batch processed date",
      "type": "string",
      "format": "date-time"
    },
    "totalEntries": {
      "description": "Total batch items in the batch",
      "type": "integer",
      "format": "int32"
    },
    "totalAmount": {
      "description": "Total batch payment amount",
      "type": "number",
      "format": "double"
    },
    "status": {
      "description": "Below are the expected output values:\r\n1) File Uploaded: Batch file is uploaded and pending file processing\r\n2) Pending: Payment is not processed yet\r\n3) Validation in Progress: Batch validation is in progress\r\n4) On Hold - Potential Duplicate: Batch is on hold awaiting manual activation\r\n5) Ready for Payment Processing: Batch duplicate validation is completed and now it is ready for Payment processing\r\n6) On Hold Approved\r\n7) Payment Processing in Progress: Batch payment processing in progress\r\n8) Completed: Batch payment processing completed\r\n9) Cancelled: Batch payment is cancelled\r\n10) BatchPay Not Allowed: Error in processing - Merchant status doesn't allow to process batch payment\r\n11) Merchant Not Found: Error in file/batch processing merchant code in file not found in database\r\n12) Technical Error: Any technical error like batch entry has been added twice",
      "type": "string"
    },
    "statusRemarks": {
      "description": "Status remarks",
      "type": "string"
    },
    "merchantCode": {
      "description": "Merchant code",
      "type": "string"
    },
    "merchantName": {
      "description": "Merchant name (Trading name)",
      "type": "string"
    },
    "merchantUniqueBatchId": {
      "description": "Unique batch id provided by the merchant.",
      "type": "string"
    }
  },
  "xml": {
    "name": "ApiBatchPaySummary"
  },
  "type": "object"
}