{
  "description": "Api request to pay summary",
  "properties": {
    "submittedDate": {
      "type": "string",
      "format": "date-time"
    },
    "processingDate": {
      "type": "string",
      "format": "date-time"
    },
    "totalEntries": {
      "type": "integer",
      "format": "int32"
    },
    "totalAmount": {
      "type": "number",
      "format": "double"
    },
    "status": {
      "type": "string"
    },
    "statusRemarks": {
      "type": "string"
    },
    "merchantCode": {
      "type": "string"
    },
    "merchantName": {
      "type": "string"
    },
    "merchantUniqueRequestBatchId": {
      "type": "string"
    }
  },
  "xml": {
    "name": "ApiRequestPaySummary"
  },
  "type": "object"
}