{
  "description": "Batch Payment Response for call to Uploading",
  "properties": {
    "batchPaymentId": {
      "description": "Id of BatchPayment",
      "type": "integer",
      "format": "int32"
    },
    "warningMessages": {
      "description": "WarningMessages after processing batch",
      "type": "string"
    },
    "merchantName": {
      "description": "returns Merchant Trading Name",
      "type": "string"
    },
    "merchantCode": {
      "description": "returns Merchant Code",
      "type": "string"
    },
    "merchantUniqueBatchId": {
      "description": "Unique batch id provided by the merchant.",
      "type": "string"
    }
  },
  "xml": {
    "name": "BatchPaymentResponse"
  },
  "type": "object"
}