{
  "required": [
    "paymentOption",
    "paymentAmount",
    "paymentFrequency",
    "nextPaymentDate",
    "notificationMethod"
  ],
  "properties": {
    "paymentOption": {
      "description": "Payment option. Use the correct payment option which is supported by the merchant.",
      "type": "integer",
      "format": "int32",
      "enum": [
        22,
        23,
        24,
        25,
        26,
        27,
        28,
        148,
        149
      ],
      "PaymentOption": "AutoPay: 22; EmailReminder: 23; SmsReminder: 24; FixedTerm: 25; BatchPay: 26; ScheduledPay: 27; OneOff: 28; PayID: 148; BPAY: 149"
    },
    "paymentAmount": {
      "description": "Payment amount. Set the default amount for auto payments or amount for one-off payment.",
      "type": "number",
      "format": "double"
    },
    "paymentFrequency": {
      "description": "Payment frequency. Applicable to auto pay, email reminder and sms reminder. Returns monthly if frequency is not available.",
      "type": "integer",
      "format": "int32",
      "enum": [
        32,
        33,
        38,
        34,
        35,
        36,
        37
      ],
      "PaymentFrequency": "Weekly: 32; Fortnightly: 33; Monthly: 34; Quarterly: 35; HalfYearly: 36; Yearly: 37; FourWeeks: 38"
    },
    "nextPaymentDate": {
      "description": "Payment start date.",
      "type": "string",
      "format": "date-time"
    },
    "paymentEndDate": {
      "description": "Payment end date",
      "type": "string",
      "format": "date-time"
    },
    "notificationMethod": {
      "description": "Notification method used to indicate the communication channel when payment successful or failed.",
      "type": "integer",
      "format": "int32",
      "enum": [
        0,
        1,
        2
      ],
      "NotificationMethod": "None: 0; Sms: 1; Email: 2"
    },
    "payIdDetail": {
      "$ref": "#/definitions/PayIdDetail",
      "description": "return PayID Details"
    },
    "bPayDetail": {
      "$ref": "#/definitions/BPayDetail",
      "description": "return BPAY Details"
    }
  },
  "xml": {
    "name": "CustomerPaymentOption"
  },
  "type": "object"
}