{
  "description": "Customer Bank/Credit Card account. Use PaymentAccountProxy or CreditCardProxy or BankAccount. \r\nIf more than one details are passed, only one detail used as per the following order, 1. PaymentAccountProxy 2. BankAccount 3. CreditCardProxy \r\nPreferred option is PaymentAccountProxy",
  "properties": {
    "bankAccount": {
      "$ref": "#/definitions/BankAccount",
      "description": "Customer bank account details.\r\nProvide valid BSB and Account Number."
    },
    "creditCardProxy": {
      "$ref": "#/definitions/CreditCardProxy",
      "description": "Customer credit / debit card proxy. \r\nProxy is generated using the /cardProxies API or Payments Plugin."
    },
    "paymentAccountProxy": {
      "$ref": "#/definitions/AccountProxy",
      "description": "This replaces the BankAccount and CreditCardProxy. \r\nProxy is generated using the Payments Plugin for bank account and card or /cardProxies API for card."
    },
    "addtionalPaymentAccountProxies": {
      "description": "Additional PaymentAccountProxies. \r\nProxy is generated using the Payments Plugin for bank account and card or /cardProxies API for card.",
      "items": {
        "$ref": "#/definitions/AccountProxy"
      },
      "xml": {
        "name": "AccountProxy",
        "wrapped": true
      },
      "type": "array"
    }
  },
  "xml": {
    "name": "CustomerAccountRequest"
  },
  "type": "object"
}