{
  "description": "Payment request object",
  "required": [
    "customerReference",
    "paymentAmount",
    "overrideFeePayer"
  ],
  "properties": {
    "customerReference": {
      "description": "Customer reference. Required only when payment account proxy or card proxy is not provided.",
      "type": "string"
    },
    "paymentAmount": {
      "description": "Payment amount",
      "type": "number",
      "format": "double"
    },
    "cardProxy": {
      "description": "Card Proxy (Conditional). Use only if you want to pay using card proxy.",
      "type": "string"
    },
    "paymentAccountProxy": {
      "$ref": "#/definitions/AccountProxy",
      "description": "Card or bank accont proxy. Proxy is generated using the Payments Plugin for bank account and card or /cardProxies API for card."
    },
    "companyName": {
      "description": "Customer company name.",
      "type": "string"
    },
    "contactNumber": {
      "description": "Customer contact number.",
      "type": "string"
    },
    "customerName": {
      "description": "Customer name.",
      "type": "string"
    },
    "additionalReference": {
      "description": "Additional reference. This field is returned in reconciliation reports.",
      "type": "string"
    },
    "abn": {
      "description": "Customer Australian Business Number.",
      "type": "string"
    },
    "merchantUniquePaymentId": {
      "description": "Unique payment id provided by the merchant.",
      "type": "string",
      "maxLength": 50
    },
    "sendPaymentConfirmation": {
      "description": "Flag to send the customer invoice.",
      "type": "boolean"
    },
    "customerEmail": {
      "description": "The customer email to which an invoice is sent to.",
      "type": "string"
    },
    "oneOffPaymentReference": {
      "description": "One Off Payment reference. This field is returned in reconciliation reports.",
      "type": "string"
    },
    "overrideFeePayer": {
      "description": "Override Fee Payer. This field is to determine who is paying transaction fee. \r\n0 Use Set Profile - default\r\n1 Merchant Pays Fee (if allowed)\r\n2 Customer Pays Fee (if allowed)",
      "type": "integer",
      "format": "int32",
      "enum": [
        0,
        1,
        2
      ],
      "OverrideFeePayer": "Default: 0; Merchant: 1; Customer: 2"
    },
    "card": {
      "$ref": "#/definitions/PaymentCard",
      "description": "PAN detail"
    },
    "threeDSecureData": {
      "$ref": "#/definitions/ThreeDSecureData",
      "description": "Optional. 3DSecure details"
    }
  },
  "xml": {
    "name": "PaymentRequest"
  },
  "type": "object"
}