{
  "description": "Ping result",
  "properties": {
    "serverDateTime": {
      "description": "Server Date Time",
      "type": "string",
      "format": "date-time"
    },
    "version": {
      "description": "API version",
      "type": "string"
    },
    "timeZoneInfo": {
      "description": "DateTime Time Zone",
      "type": "string"
    },
    "buildVersion": {
      "description": "Build version",
      "type": "string"
    }
  },
  "xml": {
    "name": "PingResponse"
  },
  "type": "object"
}