{
  "description": "Represent one request pay entry sent from the client",
  "required": [
    "customerReference",
    "paymentAmount",
    "firstName"
  ],
  "properties": {
    "customerReference": {
      "description": "customer reference in individual payment request entry",
      "type": "string"
    },
    "paymentAmount": {
      "description": "Payment amount in individual payment request entry",
      "type": "number",
      "format": "double",
      "maximum": 1.7976931348623157e+308,
      "minimum": 0.01
    },
    "firstName": {
      "description": "First name of the customer",
      "type": "string"
    },
    "lastName": {
      "description": "Last name of the customer",
      "type": "string"
    },
    "email": {
      "description": "Customer email in individual payment request entry. Use comma or semicolon to provide more than one email address for a customer.",
      "type": "string"
    },
    "mobile": {
      "description": "Customer mobile in individual payment request entry",
      "type": "string",
      "pattern": "^04[0-9]{8}$"
    },
    "merchantUniquePaymentId": {
      "description": "Unique payment id provided by the merchant. Can be used when Proxy payment is performed. (Optional)",
      "type": "string",
      "maxLength": 50
    }
  },
  "xml": {
    "name": "RequestPayRequestRecord"
  },
  "type": "object"
}