{
  "properties": {
    "processedOn": {
      "description": "Processing date. Date Format: yyyy-MM-ddTHH:mm:ss, TimeZone: AEST",
      "type": "string",
      "format": "date-time"
    },
    "transactionReference": {
      "description": "TransactionReference",
      "type": "string"
    },
    "status": {
      "description": "Current Status of the balance payment.\r\nExpected Statuses\r\n1. Pending\r\n2. Error\r\n3. Submitted\r\n4. Successful\r\n5. Failed\r\n6. Cancelled\r\n7. Suppressed\r\n8. InProgress",
      "type": "string"
    },
    "merchantSettlementDate": {
      "description": "Date payment will be settled to the merchant",
      "type": "string",
      "format": "date-time"
    },
    "fundsToMerchant": {
      "description": "Amount to be settled to the merchant",
      "type": "number",
      "format": "double"
    }
  },
  "xml": {
    "name": "SettlementPayment"
  },
  "type": "object"
}