{
  "properties": {
    "processedOn": {
      "description": "Refund/Recall date. Date Format: yyyy-MM-ddTHH:mm:ss, TimeZone: AEST (Conditional)",
      "type": "string",
      "format": "date-time"
    },
    "customerFee": {
      "description": "Fee charged on Customer",
      "type": "number",
      "format": "double"
    },
    "merchantFee": {
      "description": "Fee charged on Merchant",
      "type": "number",
      "format": "double"
    },
    "paymentAmount": {
      "description": "Total payment amount including the fees",
      "type": "number",
      "format": "double"
    },
    "reason": {
      "description": "Reason. (Conditional)",
      "type": "string"
    },
    "transactionReference": {
      "description": "TransactionReference : If a charge transaction is refunded/recalled then this is transaction reference of that transaction.(Conditional)",
      "type": "string"
    },
    "status": {
      "description": "Current Status of the refund/recall.\r\nExpected Statuses\r\n1. Pending\tThis refund/recall is waiting be to processed\r\n2. Error - This refund/recall has encountered an Error\r\n3. Submitted - This refund/recall was successfully submitted\r\n4. Successful - This refund/recall was successful\r\n5. Failed - This refund/recall has Failed\r\n6. Cancelled - This refund/recall was Cancelled\r\n7. Suppressed - This refund/recall was Suppressed\r\n8. InProgress - This refund/recall is being processed",
      "type": "string"
    }
  },
  "xml": {
    "name": "SubPayment"
  },
  "type": "object"
}