{
  "properties": {
    "useThreeDSecure": {
      "description": "Will trigger 3DSecure process if enabled or valid for the card",
      "type": "boolean"
    },
    "browserData": {
      "$ref": "#/definitions/ThreeDSecureBrowserData",
      "description": "Cardholder's browser data. Mandatory if UseThreeDSecure is true"
    },
    "callbackUrl": {
      "description": "Endpoint to receive status notifications once 3DSecure is completed. Use [uniqueId] (case sensitive) in URL to differentiate different payments and 3DS statuses\r\nFor example: CallbackUrl https://www.yourdomain.com.au/3dsecure/[uniqueId] will be translated to https://www.yourdomain.com.au/callbacks/123456 assuming uniqueId is 123456",
      "type": "string"
    },
    "redirectUrl": {
      "description": "Redirect URL used to redirect once the 3DSecure process is completed. Use [uniqueId], [status] (case sensitive) in URL to differentiate different payments and 3DS statuses\r\nFor example: RedirectUrl https://www.yourdomain.com.au/3dsecure/[uniqueId]?status=[status] will be translated to https://www.yourdomain.com.au/3dsecure/123456?status=Success assuming uniqueId is 123456\r\nPossible 3DSecure statuses: Success, Failed, Cancelled",
      "type": "string"
    }
  },
  "xml": {
    "name": "ThreeDSecureData"
  },
  "type": "object"
}