{
  "description": "Token Response.",
  "properties": {
    "cardProxy": {
      "description": "Card proxy that can be used to process payment.",
      "type": "string"
    },
    "cardNumber": {
      "description": "Obfuscated card number.",
      "type": "string"
    },
    "expiry": {
      "description": "Card expiry in MM/yy format.",
      "type": "string"
    },
    "cardType": {
      "description": "Card type (Visa, MasterCard etc.)",
      "type": "string"
    },
    "status": {
      "description": "Proxy status",
      "readOnly": true,
      "type": "string"
    }
  },
  "xml": {
    "name": "TokenResponse"
  },
  "type": "object"
}