{
  "description": "Represents the result of binding a value (such as from a form post or query string) to an action-method argument property, or to the argument itself.",
  "properties": {
    "attemptedValue": {
      "description": "Gets or sets the raw value that is converted to a string for display.",
      "readOnly": true,
      "type": "string"
    },
    "culture": {
      "description": "Gets or sets the culture.",
      "readOnly": true,
      "type": "string"
    },
    "rawValue": {
      "description": "Gets or set the raw value that is supplied by the value provider.",
      "readOnly": true,
      "type": "object"
    }
  },
  "xml": {
    "name": "ValueProviderResult"
  },
  "type": "object"
}